{"cameraMode":{"drawMode":0,"name":"Shaded","section":"Shading Mode"},"sceneLighting":true,"audioPlay":false,"sceneViewState":{"m_AlwaysRefresh":false,"showFog":true,"showSkybox":true,"showFlares":true,"showImageEffects":true,"showParticleSystems":true,"showVisualEffectGraphs":true,"m_FxEnabled":true},"in2DMode":false,"pivot":{"x":1.3947184085845948,"y":-0.12821316719055177,"z":-4.000551223754883},"rotation":{"x":-0.09094776213169098,"y":-0.9017956852912903,"z":0.2324860841035843,"w":-0.35277846455574038},"size":10.186076164245606,"orthographic":false}